<?xml version="1.0" encoding="UTF-8" standalone="yes"?>
<dataStoreHaul xmlns:a="http://www.appian.com/ae/types/2009">
    <dataStore>
        <uuid>_a-0000dda0-6e3c-8000-60cf-01ef9001ef90_4362</uuid>
        <name>TB_DataCapture</name>
        <description>captures all metadata</description>
        <dataSourceKey>jdbc/AppianAnywhere</dataSourceKey>
        <adaptingExplicitSqlNames>false</adaptingExplicitSqlNames>
        <autoUpdateSchema>false</autoUpdateSchema>
        <entities>
            <entity>
                <uuid>d6bb4d44-ce73-4369-9944-790469bcac24</uuid>
                <name>distrDetails</name>
                <type>{urn:com:appian:types:TB}TBDistributionDetails</type>
            </entity>
            <entity>
                <uuid>915b4576-9e68-47ee-b841-aeba943b7e3a</uuid>
                <name>defSchedule</name>
                <type>{urn:com:appian:types:TB}TBDefineSchedule</type>
            </entity>
            <entity>
                <uuid>9c58908b-fcd9-4cde-a4f8-3b9b338f2553</uuid>
                <name>specifyScheDet</name>
                <type>{urn:com:appian:types:TB}TBSpecifyScheduleDetails</type>
            </entity>
        </entities>
    </dataStore>
    <isPublished>true</isPublished>
    <roleMap>
        <role allowForAll="false" inherit="false" name="administrators">
            <users/>
            <groups/>
        </role>
        <role allowForAll="false" inherit="false" name="authors">
            <users/>
            <groups/>
        </role>
        <role allowForAll="false" inherit="false" name="denyAdministrators">
            <users/>
            <groups/>
        </role>
        <role allowForAll="false" inherit="false" name="denyAuthors">
            <users/>
            <groups/>
        </role>
        <role allowForAll="false" inherit="false" name="denyReaders">
            <users/>
            <groups/>
        </role>
        <role allowForAll="false" inherit="false" name="readers">
            <users/>
            <groups/>
        </role>
    </roleMap>
</dataStoreHaul>
