<?xml version="1.0" encoding="UTF-8" standalone="yes"?>
<contentHaul xmlns:a="http://www.appian.com/ae/types/2009">
    <rule>
        <name>TB_ValidEmailAddressCheck</name>
        <uuid>_a-0000dda0-6e3c-8000-60cf-01ef9001ef90_4355</uuid>
        <description>check if email is in right format</description>
        <parentUuid>_a-0000dda0-6e3c-8000-60cf-01ef9001ef90_4354</parentUuid>
        <visibility>
            <advertise>false</advertise>
            <hierarchy>true</hierarchy>
            <indexable>true</indexable>
            <quota>false</quota>
            <searchable>true</searchable>
            <system>false</system>
            <unlogged>false</unlogged>
        </visibility>
        <definition>and(&#xD;
  not(isnull(ri!email)), &#xD;
  length(split(ri!email, &quot;@&quot;))=2, &#xD;
  length(split(ri!email, &quot;.&quot;))=2, &#xD;
  len(split(ri!email,&quot;@&quot;))[1] &lt; len(split(ri!email,&quot;.&quot;))[1]&#xD;
  )</definition>
        <namedTypedValue>
            <name>email</name>
            <type>
                <name>string</name>
                <namespace>http://www.w3.org/2001/XMLSchema</namespace>
            </type>
            <value/>
        </namedTypedValue>
        <preferredEditor>legacy</preferredEditor>
        <offlineEnabled>false</offlineEnabled>
    </rule>
    <roleMap public="true">
        <role allowForAll="false" inherit="true" name="readers">
            <users/>
            <groups/>
        </role>
        <role allowForAll="false" inherit="true" name="authors">
            <users/>
            <groups/>
        </role>
        <role allowForAll="false" inherit="true" name="administrators">
            <users/>
            <groups/>
        </role>
        <role allowForAll="false" inherit="false" name="denyReaders">
            <users/>
            <groups/>
        </role>
        <role allowForAll="false" inherit="false" name="denyAuthors">
            <users/>
            <groups/>
        </role>
        <role allowForAll="false" inherit="false" name="denyAdministrators">
            <users/>
            <groups/>
        </role>
    </roleMap>
</contentHaul>
