<?xml version="1.0" encoding="UTF-8" standalone="yes"?>
<contentHaul xmlns:a="http://www.appian.com/ae/types/2009">
    <rule>
        <name>tbEmailCC</name>
        <uuid>_a-0000dda0-6e3c-8000-60cf-01ef9001ef90_4383</uuid>
        <description>row for CC</description>
        <parentUuid>_a-0000dda0-6e3c-8000-60cf-01ef9001ef90_4353</parentUuid>
        <visibility>
            <advertise>false</advertise>
            <hierarchy>true</hierarchy>
            <indexable>true</indexable>
            <quota>false</quota>
            <searchable>true</searchable>
            <system>false</system>
            <unlogged>false</unlogged>
        </visibility>
        <definition>#&quot;SYSTEM_SYSRULES_gridRowLayout&quot;(&#xD;
  id: ri!index,&#xD;
  contents: {&#xD;
    #&quot;SYSTEM_SYSRULES_integerField&quot;(&#xD;
      value: ri!index,&#xD;
      saveInto: ri!cc[ri!index].entryNum,&#xD;
      readOnly: true,&#xD;
      validations: {},&#xD;
      align: &quot;CENTER&quot;&#xD;
    ),&#xD;
    #&quot;SYSTEM_SYSRULES_textField&quot;(&#xD;
      placeholder: &quot;FIL@example.com&quot;,&#xD;
      value: ri!cc[ri!index].email,&#xD;
      saveInto: ri!cc[ri!index].email,&#xD;
      validations: if(#&quot;_a-0000dda0-6e3c-8000-60cf-01ef9001ef90_4355&quot;(ri!cc[ri!index].email),{},&quot;Email address needs to be in a valid format&quot;),&#xD;
      align: &quot;CENTER&quot;&#xD;
    ),&#xD;
    #&quot;SYSTEM_SYSRULES_imageField&quot;(&#xD;
      images: #&quot;SYSTEM_SYSRULES_documentImage&quot;(&#xD;
        document: #&quot;SYSTEM_SYSRULES_iconIndicator&quot;(&quot;REMOVE&quot;),&#xD;
        link: #&quot;SYSTEM_SYSRULES_dynamicLink&quot;(&#xD;
          value: ri!index,&#xD;
          saveInto: {&#xD;
            a!save(ri!cc, remove(ri!cc, save!value)),           &#xD;
            a!save(ri!ccToken, remove(ri!ccToken, save!value))&#xD;
          }&#xD;
        )&#xD;
      ),&#xD;
      size: &quot;ICON&quot;&#xD;
    )&#xD;
  }&#xD;
)</definition>
        <namedTypedValue>
            <name>cc</name>
            <type>
                <name>Variant</name>
                <namespace>http://www.appian.com/ae/types/2009</namespace>
            </type>
        </namedTypedValue>
        <namedTypedValue>
            <name>ccToken</name>
            <type>
                <name>Variant</name>
                <namespace>http://www.appian.com/ae/types/2009</namespace>
            </type>
        </namedTypedValue>
        <namedTypedValue>
            <name>index</name>
            <type>
                <name>int</name>
                <namespace>http://www.w3.org/2001/XMLSchema</namespace>
            </type>
        </namedTypedValue>
        <preferredEditor>interface</preferredEditor>
        <offlineEnabled>false</offlineEnabled>
    </rule>
    <roleMap public="true">
        <role allowForAll="false" inherit="true" name="readers">
            <users/>
            <groups/>
        </role>
        <role allowForAll="false" inherit="true" name="authors">
            <users/>
            <groups/>
        </role>
        <role allowForAll="false" inherit="true" name="administrators">
            <users/>
            <groups/>
        </role>
        <role allowForAll="false" inherit="false" name="denyReaders">
            <users/>
            <groups/>
        </role>
        <role allowForAll="false" inherit="false" name="denyAuthors">
            <users/>
            <groups/>
        </role>
        <role allowForAll="false" inherit="false" name="denyAdministrators">
            <users/>
            <groups/>
        </role>
    </roleMap>
    <typedValue>
        <type>
            <name>RuleTestConfig?list</name>
            <namespace>http://www.appian.com/ae/types/2009</namespace>
        </type>
        <value>
            <el>
                <a:name/>
                <a:ruleInputTestConfigs>
                    <a:value xmlns:xsd="http://www.w3.org/2001/XMLSchema" xmlns:xsi="http://www.w3.org/2001/XMLSchema-instance" xsi:type="xsd:string"/>
                    <a:nameRef>cc</a:nameRef>
                    <a:id/>
                </a:ruleInputTestConfigs>
                <a:ruleInputTestConfigs>
                    <a:value xmlns:xsd="http://www.w3.org/2001/XMLSchema" xmlns:xsi="http://www.w3.org/2001/XMLSchema-instance" xsi:type="xsd:string"/>
                    <a:nameRef>ccToken</a:nameRef>
                    <a:id/>
                </a:ruleInputTestConfigs>
                <a:ruleInputTestConfigs>
                    <a:value xmlns:xsd="http://www.w3.org/2001/XMLSchema" xmlns:xsi="http://www.w3.org/2001/XMLSchema-instance" xsi:nil="true" xsi:type="xsd:int"/>
                    <a:nameRef>index</a:nameRef>
                    <a:id/>
                </a:ruleInputTestConfigs>
                <a:assertions xmlns:xsi="http://www.w3.org/2001/XMLSchema-instance" xsi:nil="true"/>
            </el>
        </value>
    </typedValue>
</contentHaul>
