<?xml version="1.0" encoding="UTF-8" standalone="yes"?>
<contentHaul xmlns:a="http://www.appian.com/ae/types/2009">
    <constant>
        <name>TB_SCHEDULE_TIME</name>
        <uuid>_a-0000dda1-be5b-8000-b20a-01ef9001ef90_4381</uuid>
        <description>all possible input values for schedule time</description>
        <parentUuid>_a-0000dda0-6e3c-8000-60cf-01ef9001ef90_4365</parentUuid>
        <visibility>
            <advertise>false</advertise>
            <hierarchy>true</hierarchy>
            <indexable>true</indexable>
            <quota>false</quota>
            <searchable>true</searchable>
            <system>false</system>
            <unlogged>false</unlogged>
        </visibility>
        <typedValue>
            <type>
                <name>Text?list</name>
                <namespace>http://www.appian.com/ae/types/2009</namespace>
            </type>
            <value>
                <el>12:00 AM</el>
                <el>12:30 AM</el>
                <el>1:00 AM</el>
                <el>1:30 AM</el>
                <el>2:00 AM</el>
                <el>2:30 AM</el>
                <el>3:00 AM</el>
                <el>3:30 AM</el>
                <el>4:00 AM</el>
                <el>4:30 AM</el>
                <el>5:00 AM</el>
                <el>5:30 AM</el>
                <el>6:00 AM</el>
                <el>6:30 AM</el>
                <el>7:00 AM</el>
                <el>7:30 AM</el>
                <el>8:00 AM</el>
                <el>8:30 AM</el>
                <el>9:00 AM</el>
                <el>9:30 AM</el>
                <el>10:00 AM</el>
                <el>10:30 AM</el>
                <el>11:00 AM</el>
                <el>11:30 AM</el>
                <el>12:00 PM</el>
                <el>12:30 PM</el>
                <el>1:00 PM</el>
                <el>1:30 PM</el>
                <el>2:00 PM</el>
                <el>2:30 PM</el>
                <el>3:00 PM</el>
                <el>3:30 PM</el>
                <el>4:00 PM</el>
                <el>4:30 PM</el>
                <el>5:00 PM</el>
                <el>5:30 PM</el>
                <el>6:00 PM</el>
                <el>6:30 PM</el>
                <el>7:00 PM</el>
                <el>7:30 PM</el>
                <el>8:00 PM</el>
                <el>8:30 PM</el>
                <el>9:00 PM</el>
                <el>9:30 PM</el>
                <el>10:00 PM</el>
                <el>10:30 PM</el>
                <el>11:00 PM</el>
                <el>11:30 PM</el>
            </value>
        </typedValue>
    </constant>
    <roleMap public="true">
        <role allowForAll="false" inherit="true" name="readers">
            <users/>
            <groups/>
        </role>
        <role allowForAll="false" inherit="true" name="authors">
            <users/>
            <groups/>
        </role>
        <role allowForAll="false" inherit="true" name="administrators">
            <users/>
            <groups/>
        </role>
        <role allowForAll="false" inherit="false" name="denyReaders">
            <users/>
            <groups/>
        </role>
        <role allowForAll="false" inherit="false" name="denyAuthors">
            <users/>
            <groups/>
        </role>
        <role allowForAll="false" inherit="false" name="denyAdministrators">
            <users/>
            <groups/>
        </role>
    </roleMap>
</contentHaul>
