<?xml version="1.0" encoding="UTF-8" standalone="yes"?>
<contentHaul xmlns:a="http://www.appian.com/ae/types/2009">
    <rule>
        <name>TB_SpecifyScheduleDetail</name>
        <uuid>_a-0000dda0-6e3c-8000-60cf-01ef9001ef90_4493</uuid>
        <description>interface specifying schedule detail</description>
        <parentUuid>_a-0000dda0-6e3c-8000-60cf-01ef9001ef90_4353</parentUuid>
        <visibility>
            <advertise>false</advertise>
            <hierarchy>true</hierarchy>
            <indexable>true</indexable>
            <quota>false</quota>
            <searchable>true</searchable>
            <system>false</system>
            <unlogged>false</unlogged>
        </visibility>
        <definition>load(
  local!scheduleTime,
  local!scheduleDays,
  #&quot;SYSTEM_SYSRULES_formLayout&quot;(
    label: &quot;Specify Schedule Details&quot;,
    firstColumnContents: {
      #&quot;SYSTEM_SYSRULES_sectionLayout&quot;(
        firstColumnContents: {
          #&quot;SYSTEM_SYSRULES_radioButtonField&quot;(
            label: &quot;Monthly Flag&quot;,
            instructions: &quot;Select Yes for monthly report and No for daily report&quot;,
            choiceLabels: {&quot;Yes&quot;, &quot;No&quot;},
            choiceValues: {&quot;Y&quot;, &quot;N&quot;},
            value: ri!scheduleSpec.MonthlyFlag,
            saveInto: ri!scheduleSpec.MonthlyFlag,
            choiceLayout: &quot;COMPACT&quot;,
            required: true
          ),
          #&quot;SYSTEM_SYSRULES_dropdownField&quot;(
            label: &quot;Schedule Timezone&quot;,
            labelPosition: &quot;ABOVE&quot;,
            placeholderLabel: &quot;--- Select Timezone ---&quot;,
            choiceLabels: #&quot;_a-0000dda1-be5b-8000-b20a-01ef9001ef90_4395&quot;,
            choiceValues: #&quot;_a-0000dda1-be5b-8000-b20a-01ef9001ef90_4395&quot;,
            value: ri!scheduleSpec.ScheduleTimezone,
            saveInto: ri!scheduleSpec.ScheduleTimezone,
            required: true,
            validations: {}
          ),
          if(ri!scheduleSpec.MonthlyFlag=&quot;N&quot;,
            #&quot;SYSTEM_SYSRULES_multipleDropdownField&quot;(
            label: &quot;Schedule Time&quot;,
            labelPosition: &quot;ABOVE&quot;,
            choiceLabels: #&quot;_a-0000dda1-be5b-8000-b20a-01ef9001ef90_4381&quot;,
            choiceValues: #&quot;_a-0000dda1-be5b-8000-b20a-01ef9001ef90_4381&quot;,
            value: local!scheduleTime,
            saveInto: local!scheduleTime,
            required: true,
            validations: {}
            ),{}
          )
        },
        secondColumnContents: {
          if(ri!scheduleSpec.MonthlyFlag=&quot;N&quot;,
          #&quot;SYSTEM_SYSRULES_checkboxField&quot;(
            label: &quot;Schedule Days&quot;,
            labelPosition: &quot;ABOVE&quot;,
            choiceLabels: #&quot;_a-0000dda1-be5b-8000-b20a-01ef9001ef90_4396&quot;,
            choiceValues: {&quot;6&quot;,&quot;5&quot;,&quot;4&quot;,&quot;3&quot;,&quot;2&quot;,&quot;1&quot;,&quot;0&quot;},
            value: local!scheduleDays,
            saveInto: local!scheduleDays,
            refreshAfter: &quot;UNFOCUS&quot;,
            required: true,
            validations: {}
          ),
          #&quot;SYSTEM_SYSRULES_radioButtonField&quot;(
            label: &quot;Monthly Schedule Days&quot;,
            choiceLabels: {&quot;First Day of Month&quot;,&quot;Last Day of Month&quot;, &quot;First and Last Day of Month&quot;},
            choiceValues: #&quot;_a-0000dda0-6e3c-8000-60cf-01ef9001ef90_4495&quot;,
            value: ri!scheduleSpec.MonthlyScheduleDays,
            saveInto: ri!scheduleSpec.MonthlyScheduleDays,
            required: true
          )
          )
        }
      ),
      #&quot;SYSTEM_SYSRULES_gridLayout&quot;(
        label: &quot;Flag and Criticality&quot;,
        headerCells: {
          #&quot;SYSTEM_SYSRULES_gridLayoutHeaderCell&quot;(label: &quot;Header Flag&quot;),
          #&quot;SYSTEM_SYSRULES_gridLayoutHeaderCell&quot;(label: &quot;Footer Flag&quot;),
          #&quot;SYSTEM_SYSRULES_gridLayoutHeaderCell&quot;(label: &quot;USE Timezone Flag&quot;),
          #&quot;SYSTEM_SYSRULES_gridLayoutHeaderCell&quot;(label: &quot;Active Status&quot;),
          #&quot;SYSTEM_SYSRULES_gridLayoutHeaderCell&quot;(label: &quot;Priority Sequence&quot;),
        },
        columnConfigs: {
          #&quot;SYSTEM_SYSRULES_gridLayoutColumnConfig&quot;(width: &quot;DISTRIBUTE&quot;, weight: 1),
          #&quot;SYSTEM_SYSRULES_gridLayoutColumnConfig&quot;(width: &quot;DISTRIBUTE&quot;, weight: 1),
          #&quot;SYSTEM_SYSRULES_gridLayoutColumnConfig&quot;(width: &quot;DISTRIBUTE&quot;, weight: 1),
          #&quot;SYSTEM_SYSRULES_gridLayoutColumnConfig&quot;(width: &quot;DISTRIBUTE&quot;, weight: 1),
          #&quot;SYSTEM_SYSRULES_gridLayoutColumnConfig&quot;(width: &quot;DISTRIBUTE&quot;, weight: 1),
        },
        rows: {
          #&quot;SYSTEM_SYSRULES_gridRowLayout&quot;(
            contents: {
              #&quot;SYSTEM_SYSRULES_radioButtonField&quot;(
                label: &quot;Header Flag&quot;,
                choiceLabels: {&quot;Yes&quot;, &quot;No&quot;},
                choiceValues: {&quot;Y&quot;, &quot;N&quot;},
                value: ri!scheduleSpec.HeaderFlag,
                saveInto: ri!scheduleSpec.HeaderFlag,
                choiceLayout: &quot;COMPACT&quot;,
                required: true
              ),
              #&quot;SYSTEM_SYSRULES_radioButtonField&quot;(
                label: &quot;Footer Flag&quot;,
                choiceLabels: {&quot;Yes&quot;, &quot;No&quot;},
                choiceValues: {&quot;Y&quot;, &quot;N&quot;},
                value: ri!scheduleSpec.FooterFlag,
                saveInto: ri!scheduleSpec.FooterFlag,
                choiceLayout: &quot;COMPACT&quot;,
                required: true
              ),
              #&quot;SYSTEM_SYSRULES_radioButtonField&quot;(
                label: &quot;USE Timezone Flag&quot;,
                choiceLabels: {&quot;Yes&quot;, &quot;No&quot;},
                choiceValues: {&quot;Y&quot;, &quot;N&quot;},
                value: ri!scheduleSpec.USEtimezoneFlag,
                saveInto: ri!scheduleSpec.USEtimezoneFlag,
                choiceLayout: &quot;COMPACT&quot;,
                required: true
              ),
              #&quot;SYSTEM_SYSRULES_radioButtonField&quot;(
                label: &quot;Active Status&quot;,
                choiceLabels: {&quot;Yes&quot;, &quot;No&quot;},
                choiceValues: {&quot;Y&quot;, &quot;N&quot;},
                value: ri!scheduleSpec.ActiveStatus,
                saveInto: ri!scheduleSpec.ActiveStatus,
                choiceLayout: &quot;COMPACT&quot;,
                required: true
              ),
              #&quot;SYSTEM_SYSRULES_dropdownField&quot;(
                label: &quot;Priority Sequence&quot;,
                labelPosition: &quot;ABOVE&quot;,
                placeholderLabel: &quot;--- Select Priority ---&quot;,
                choiceLabels: #&quot;_a-0000dda0-6e3c-8000-60cf-01ef9001ef90_4494&quot;,
                choiceValues: #&quot;_a-0000dda0-6e3c-8000-60cf-01ef9001ef90_4494&quot;,
                value: ri!scheduleSpec.PrioritySequence,
                saveInto: ri!scheduleSpec.PrioritySequence,
                required: true,
                validations: {}
              )
            }
          )
        }
      )
    },
    secondColumnContents: {
      /*a!sectionLayout(*/
      /*  label: &quot;Flag and Criticality&quot;,*/
      /*  firstColumnContents: {*/
      /*    a!radioButtonField(*/
      /*      label: &quot;Header Flag&quot;,*/
      /*      choiceLabels: {&quot;Yes&quot;, &quot;No&quot;},*/
      /*      choiceValues: {&quot;Y&quot;, &quot;N&quot;},*/
      /*      value: ri!scheduleSpec.HeaderFlag,*/
      /*      saveInto: ri!scheduleSpec.HeaderFlag,*/
      /*      choiceLayout: &quot;COMPACT&quot;,*/
      /*      required: true*/
      /*    ),*/
      /*    a!radioButtonField(*/
      /*      label: &quot;Footer Flag&quot;,*/
      /*      choiceLabels: {&quot;Yes&quot;, &quot;No&quot;},*/
      /*      choiceValues: {&quot;Y&quot;, &quot;N&quot;},*/
      /*      value: ri!scheduleSpec.FooterFlag,*/
      /*      saveInto: ri!scheduleSpec.FooterFlag,*/
      /*      choiceLayout: &quot;COMPACT&quot;,*/
      /*      required: true*/
      /*    ),*/
      /*    a!radioButtonField(*/
      /*      label: &quot;USE Timezone Flag&quot;,*/
      /*      choiceLabels: {&quot;Yes&quot;, &quot;No&quot;},*/
      /*      choiceValues: {&quot;Y&quot;, &quot;N&quot;},*/
      /*      value: ri!scheduleSpec.USEtimezoneFlag,*/
      /*      saveInto: ri!scheduleSpec.USEtimezoneFlag,*/
      /*      choiceLayout: &quot;COMPACT&quot;,*/
      /*      required: true*/
      /*    ),*/
      /*    a!radioButtonField(*/
      /*      label: &quot;Active Status&quot;,*/
      /*      choiceLabels: {&quot;Yes&quot;, &quot;No&quot;},*/
      /*      choiceValues: {&quot;Y&quot;, &quot;N&quot;},*/
      /*      value: ri!scheduleSpec.ActiveStatus,*/
      /*      saveInto: ri!scheduleSpec.ActiveStatus,*/
      /*      choiceLayout: &quot;COMPACT&quot;,*/
      /*      required: true*/
      /*    ),*/
      /*    a!dropdownField(*/
      /*      label: &quot;Priority Sequence&quot;,*/
      /*      labelPosition: &quot;ABOVE&quot;,*/
      /*      placeholderLabel: &quot;--- Select Priority ---&quot;,*/
      /*      choiceLabels: cons!TB_PRIORITY_SEQUENCE,*/
      /*      choiceValues: cons!TB_PRIORITY_SEQUENCE,*/
      /*      value: ri!scheduleSpec.PrioritySequence,*/
      /*      saveInto: ri!scheduleSpec.PrioritySequence,*/
      /*      required: true,*/
      /*      validations: {}*/
      /*    )*/
      /*  }*/
      /*)*/
    },
    buttons: #&quot;SYSTEM_SYSRULES_ButtonLayout&quot;(
      primaryButtons: {
        #&quot;SYSTEM_SYSRULES_ButtonWidgetSubmit&quot;(
          label: &quot;Submit&quot;,
          style: &quot;PRIMARY&quot;,
          saveInto: {
            a!save(ri!scheduleSpec.ScheduleTime, #&quot;_a-0000dda1-be5b-8000-b20a-01ef9001ef90_4388&quot;(local!scheduleTime)),
            a!save(ri!scheduleSpec.ScheduleDays, #&quot;_a-0000dda1-be5b-8000-b20a-01ef9001ef90_4397&quot;(local!scheduleDays))      
            }
        )
      },
      secondaryButtons: {
        #&quot;SYSTEM_SYSRULES_ButtonWidgetSubmit&quot;(
          label: &quot;Cancel&quot;,
          style: &quot;NORMAL&quot;,
          value: true,
          saveInto: ri!cancel,
          skipValidation: true
        )
      }
    ),
    validations: {}
)
)</definition>
        <namedTypedValue>
            <name>scheduleSpec</name>
            <type>
                <name>TBSpecifyScheduleDetails</name>
                <namespace>urn:com:appian:types:TB</namespace>
            </type>
        </namedTypedValue>
        <namedTypedValue>
            <name>cancel</name>
            <type>
                <name>boolean</name>
                <namespace>http://www.w3.org/2001/XMLSchema</namespace>
            </type>
        </namedTypedValue>
        <preferredEditor>interface</preferredEditor>
        <offlineEnabled>false</offlineEnabled>
    </rule>
    <roleMap public="true">
        <role allowForAll="false" inherit="true" name="readers">
            <users/>
            <groups/>
        </role>
        <role allowForAll="false" inherit="true" name="authors">
            <users/>
            <groups/>
        </role>
        <role allowForAll="false" inherit="true" name="administrators">
            <users/>
            <groups/>
        </role>
        <role allowForAll="false" inherit="false" name="denyReaders">
            <users/>
            <groups/>
        </role>
        <role allowForAll="false" inherit="false" name="denyAuthors">
            <users/>
            <groups/>
        </role>
        <role allowForAll="false" inherit="false" name="denyAdministrators">
            <users/>
            <groups/>
        </role>
    </roleMap>
</contentHaul>
