<?xml version="1.0" encoding="UTF-8" standalone="yes"?>
<contentHaul xmlns:a="http://www.appian.com/ae/types/2009">
    <rule>
        <name>TB_DistributionDetailsInterface</name>
        <uuid>_a-0000dda0-6e3c-8000-60cf-01ef9001ef90_4364</uuid>
        <description>interface for distribution details</description>
        <parentUuid>_a-0000dda0-6e3c-8000-60cf-01ef9001ef90_4353</parentUuid>
        <visibility>
            <advertise>false</advertise>
            <hierarchy>true</hierarchy>
            <indexable>true</indexable>
            <quota>false</quota>
            <searchable>true</searchable>
            <system>false</system>
            <unlogged>false</unlogged>
        </visibility>
        <definition>load(
  local!SaveOutput: true,
    #&quot;SYSTEM_SYSRULES_formLayout&quot;(
    label: &quot;Distribution Details&quot;,
    firstColumnContents: {
      #&quot;SYSTEM_SYSRULES_sectionLayout&quot;(
        firstColumnContents: {
          #&quot;SYSTEM_SYSRULES_dropdownField&quot;(
            label: &quot;Output Format&quot;,
            labelPosition: &quot;ABOVE&quot;,
            placeholderLabel: &quot;--- Select Format ---&quot;,
            choiceLabels: #&quot;_a-0000dda0-6e3c-8000-60cf-01ef9001ef90_4366&quot;,
            choiceValues: #&quot;_a-0000dda0-6e3c-8000-60cf-01ef9001ef90_4366&quot;,
            value: ri!distrDetails.OutputFormat,
            saveInto: ri!distrDetails.OutputFormat,
            required: true,
            validations: {}
          ),
          #&quot;SYSTEM_SYSRULES_dropdownField&quot;(
            label: &quot;Delivery Channel&quot;,
            labelPosition: &quot;ABOVE&quot;,
            placeholderLabel: &quot;--- Select Channel ---&quot;,
            choiceLabels: #&quot;_a-0000dda0-6e3c-8000-60cf-01ef9001ef90_4367&quot;,
            choiceValues: #&quot;_a-0000dda0-6e3c-8000-60cf-01ef9001ef90_4367&quot;,
            value: ri!distrDetails.DelChannel,
            saveInto: ri!distrDetails.DelChannel,
            required: true,
            validations: {}
          ),
          #&quot;SYSTEM_SYSRULES_radioButtonField&quot;(
            label: &quot;Save Output&quot;,
            labelPosition: &quot;ABOVE&quot;,
            choiceLabels: {&quot;Yes&quot;, &quot;No&quot;},
            choiceValues: {true, false},
            value: local!SaveOutput,
            saveInto: local!SaveOutput,
            required: true,
            validations: {}
          )
        },
        secondColumnContents: {
          #&quot;SYSTEM_SYSRULES_textField&quot;(
            label: &quot;Subject Prefix&quot;,
            labelPosition: &quot;ABOVE&quot;,
            value: ri!distrDetails.SubjectPrefix,
            saveInto: ri!distrDetails.SubjectPrefix,
            refreshAfter: &quot;UNFOCUS&quot;,
            required: false,
            validations: if(len(ri!distrDetails.SubjectPrefix)&lt;250, {},&quot;Length must be less than or equal to 250 characters&quot;)
          ),
          #&quot;SYSTEM_SYSRULES_textField&quot;(
            label: &quot;Subject Suffix for No Trading Activity&quot;,
            labelPosition: &quot;ABOVE&quot;,
            value: ri!distrDetails.SubjectSuffixNoTrading,
            saveInto: ri!distrDetails.SubjectSuffixNoTrading,
            refreshAfter: &quot;UNFOCUS&quot;,
            required: false,
            validations: if(len(ri!distrDetails.SubjectSuffixNoTrading)&lt;250, {},&quot;Length must be less than or equal to 250 characters&quot;)
          ),
          #&quot;SYSTEM_SYSRULES_textField&quot;(
            label: &quot;Filename Prefix&quot;,
            labelPosition: &quot;ABOVE&quot;,
            value: ri!distrDetails.FilenamePrefix,
            saveInto: ri!distrDetails.FilenamePrefix,
            refreshAfter: &quot;UNFOCUS&quot;,
            required: false,
            validations: if(len(ri!distrDetails.FilenamePrefix)&lt;250, {},&quot;Length must be less than or equal to 250 characters&quot;)
          )
        }
      )
    },
    secondColumnContents: {},
    buttons: #&quot;SYSTEM_SYSRULES_ButtonLayout&quot;(
      primaryButtons: {
        #&quot;SYSTEM_SYSRULES_ButtonWidgetSubmit&quot;(
          label: &quot;Submit&quot;,
          style: &quot;PRIMARY&quot;,
          saveInto: {a!save(ri!distrDetails.SaveOutput, local!SaveOutput)}
        )
      },
      secondaryButtons: {
        #&quot;SYSTEM_SYSRULES_ButtonWidgetSubmit&quot;(
          label: &quot;Cancel&quot;,
          style: &quot;NORMAL&quot;,
          value: true,
          saveInto: ri!cancel,
          skipValidation: true
        )
      }
    ),
    validations: {}
  )
)
</definition>
        <namedTypedValue>
            <name>cancel</name>
            <type>
                <name>boolean</name>
                <namespace>http://www.w3.org/2001/XMLSchema</namespace>
            </type>
        </namedTypedValue>
        <namedTypedValue>
            <name>distrDetails</name>
            <type>
                <name>TBDistributionDetails</name>
                <namespace>urn:com:appian:types:TB</namespace>
            </type>
        </namedTypedValue>
        <preferredEditor>interface</preferredEditor>
        <offlineEnabled>false</offlineEnabled>
    </rule>
    <roleMap public="true">
        <role allowForAll="false" inherit="true" name="readers">
            <users/>
            <groups/>
        </role>
        <role allowForAll="false" inherit="true" name="authors">
            <users/>
            <groups/>
        </role>
        <role allowForAll="false" inherit="true" name="administrators">
            <users/>
            <groups/>
        </role>
        <role allowForAll="false" inherit="false" name="denyReaders">
            <users/>
            <groups/>
        </role>
        <role allowForAll="false" inherit="false" name="denyAuthors">
            <users/>
            <groups/>
        </role>
        <role allowForAll="false" inherit="false" name="denyAdministrators">
            <users/>
            <groups/>
        </role>
    </roleMap>
</contentHaul>
