<?xml version="1.0" encoding="UTF-8" standalone="yes"?>
<applicationHaul xmlns:a="http://www.appian.com/ae/types/2009">
    <application>
        <name>testFIL</name>
        <uuid>_a-0000dda0-6e3c-8000-60cf-01ef9001ef90_4350</uuid>
        <description></description>
        <parentUuid>SYSTEM_APPLICATIONS_ROOT</parentUuid>
        <visibility>
            <advertise>false</advertise>
            <hierarchy>true</hierarchy>
            <indexable>true</indexable>
            <quota>false</quota>
            <searchable>true</searchable>
            <system>false</system>
            <unlogged>false</unlogged>
        </visibility>
        <urlIdentifier>hyzxWQ</urlIdentifier>
        <published>true</published>
        <public>false</public>
        <associatedObjects>
            <globalIdMap>
                <item>
                    <type>datatype</type>
                    <uuids>
                        <uuid>{urn:com:appian:types:TB}TBDistributionDetails</uuid>
                        <uuid>{urn:com:appian:types:TB}TBDefineSchedule</uuid>
                        <uuid>{urn:com:appian:types:TB}TBSpecifyScheduleDetails</uuid>
                    </uuids>
                </item>
                <item>
                    <type>dataStore</type>
                    <uuids>
                        <uuid>_a-0000dda0-6e3c-8000-60cf-01ef9001ef90_4362</uuid>
                    </uuids>
                </item>
                <item>
                    <type>user</type>
                    <uuids/>
                </item>
                <item>
                    <type>groupType</type>
                    <uuids/>
                </item>
                <item>
                    <type>group</type>
                    <uuids/>
                </item>
                <item>
                    <type>content</type>
                    <uuids>
                        <uuid>_a-0000dda0-6e3c-8000-60cf-01ef9001ef90_4351</uuid>
                        <uuid>_a-0000dda0-6e3c-8000-60cf-01ef9001ef90_4353</uuid>
                        <uuid>_a-0000dda0-6e3c-8000-60cf-01ef9001ef90_4354</uuid>
                        <uuid>_a-0000dda0-6e3c-8000-60cf-01ef9001ef90_4355</uuid>
                        <uuid>_a-0000dda0-6e3c-8000-60cf-01ef9001ef90_4364</uuid>
                        <uuid>_a-0000dda0-6e3c-8000-60cf-01ef9001ef90_4365</uuid>
                        <uuid>_a-0000dda0-6e3c-8000-60cf-01ef9001ef90_4366</uuid>
                        <uuid>_a-0000dda0-6e3c-8000-60cf-01ef9001ef90_4367</uuid>
                        <uuid>_a-0000dda0-6e3c-8000-60cf-01ef9001ef90_4376</uuid>
                        <uuid>_a-0000dda0-6e3c-8000-60cf-01ef9001ef90_4383</uuid>
                        <uuid>_a-0000dda0-6e3c-8000-60cf-01ef9001ef90_4493</uuid>
                        <uuid>_a-0000dda0-6e3c-8000-60cf-01ef9001ef90_4494</uuid>
                        <uuid>_a-0000dda0-6e3c-8000-60cf-01ef9001ef90_4495</uuid>
                        <uuid>_a-0000dda1-be5b-8000-b20a-01ef9001ef90_4377</uuid>
                        <uuid>_a-0000dda1-be5b-8000-b20a-01ef9001ef90_4381</uuid>
                        <uuid>_a-0000dda1-be5b-8000-b20a-01ef9001ef90_4388</uuid>
                        <uuid>_a-0000dda1-be5b-8000-b20a-01ef9001ef90_4395</uuid>
                        <uuid>_a-0000dda1-be5b-8000-b20a-01ef9001ef90_4396</uuid>
                        <uuid>_a-0000dda1-be5b-8000-b20a-01ef9001ef90_4397</uuid>
                        <uuid>_a-0000dda1-be5b-8000-b20a-01ef9001ef90_4432</uuid>
                        <uuid>_a-0000dda5-a946-8000-1eb5-01ef9001ef90_4518</uuid>
                        <uuid>_a-0000dda5-a946-8000-1eb5-01ef9001ef90_4520</uuid>
                        <uuid>_a-0000dda5-a946-8000-1eb5-01ef9001ef90_4532</uuid>
                        <uuid>_a-0000dda5-a946-8000-1eb5-01ef9001ef90_4537</uuid>
                    </uuids>
                </item>
                <item>
                    <type>forum</type>
                    <uuids/>
                </item>
                <item>
                    <type>processModelFolder</type>
                    <uuids>
                        <uuid>_g-0000dda0-6c68-8000-6098-014d98014d98_74</uuid>
                    </uuids>
                </item>
                <item>
                    <type>processModel</type>
                    <uuids>
                        <uuid>0002dda0-c067-8000-6098-014d98014d98</uuid>
                        <uuid>0002dda1-1368-8000-6098-014d98014d98</uuid>
                        <uuid>0002dda2-5e99-8000-b1d2-014d98014d98</uuid>
                        <uuid>0002dda6-4eae-8000-1e7e-014d98014d98</uuid>
                    </uuids>
                </item>
                <item>
                    <type>portlet</type>
                    <uuids/>
                </item>
                <item>
                    <type>page</type>
                    <uuids/>
                </item>
                <item>
                    <type>application</type>
                    <uuids/>
                </item>
                <item>
                    <type>tempoFeed</type>
                    <uuids/>
                </item>
                <item>
                    <type>recordType</type>
                    <uuids/>
                </item>
                <item>
                    <type>tempoReport</type>
                    <uuids/>
                </item>
                <item>
                    <type>taskReport</type>
                    <uuids/>
                </item>
                <item>
                    <type>webApi</type>
                    <uuids/>
                </item>
                <item>
                    <type>site</type>
                    <uuids/>
                </item>
                <item>
                    <type>adminSetting</type>
                    <uuids/>
                </item>
                <item>
                    <type>thirdPartyCredentials</type>
                    <uuids/>
                </item>
                <item>
                    <type>dataSource</type>
                    <uuids/>
                </item>
            </globalIdMap>
        </associatedObjects>
        <applicationNavigation/>
        <applicationActions>
            <action>
                <displayLabel>TB Distribution Details Process</displayLabel>
                <description>process for distribution details</description>
                <processModelUuid>0002dda0-c067-8000-6098-014d98014d98</processModelUuid>
                <actionUuid>609f2a38-fab2-4132-a2db-a43d2eb1e9e2</actionUuid>
            </action>
            <action>
                <displayLabel>TB Define Schedule Process</displayLabel>
                <description>Process model for defining schedule</description>
                <processModelUuid>0002dda1-1368-8000-6098-014d98014d98</processModelUuid>
                <actionUuid>1a65e63e-3f3b-46f3-a013-8d5b454585a6</actionUuid>
            </action>
            <action>
                <displayLabel>TB Schedule Details Specifications Process</displayLabel>
                <description>Process model specifying schedule details</description>
                <processModelUuid>0002dda2-5e99-8000-b1d2-014d98014d98</processModelUuid>
                <actionUuid>ce3d05ee-3d83-4678-92de-707ff1b59090</actionUuid>
            </action>
            <action>
                <displayLabel>TB Entire Metadata Process</displayLabel>
                <description>process model for the entire metadata</description>
                <processModelUuid>0002dda6-4eae-8000-1e7e-014d98014d98</processModelUuid>
                <actionUuid>fe06f075-e48e-40f2-b575-1912fe314214</actionUuid>
            </action>
        </applicationActions>
        <associatedApplications>
            <globalIdMap>
                <item>
                    <type>datatype</type>
                    <uuids/>
                </item>
                <item>
                    <type>dataStore</type>
                    <uuids/>
                </item>
                <item>
                    <type>user</type>
                    <uuids/>
                </item>
                <item>
                    <type>groupType</type>
                    <uuids/>
                </item>
                <item>
                    <type>group</type>
                    <uuids/>
                </item>
                <item>
                    <type>content</type>
                    <uuids/>
                </item>
                <item>
                    <type>forum</type>
                    <uuids/>
                </item>
                <item>
                    <type>processModelFolder</type>
                    <uuids/>
                </item>
                <item>
                    <type>processModel</type>
                    <uuids/>
                </item>
                <item>
                    <type>portlet</type>
                    <uuids/>
                </item>
                <item>
                    <type>page</type>
                    <uuids/>
                </item>
                <item>
                    <type>application</type>
                    <uuids/>
                </item>
                <item>
                    <type>tempoFeed</type>
                    <uuids/>
                </item>
                <item>
                    <type>recordType</type>
                    <uuids/>
                </item>
                <item>
                    <type>tempoReport</type>
                    <uuids/>
                </item>
                <item>
                    <type>taskReport</type>
                    <uuids/>
                </item>
                <item>
                    <type>webApi</type>
                    <uuids/>
                </item>
                <item>
                    <type>site</type>
                    <uuids/>
                </item>
                <item>
                    <type>adminSetting</type>
                    <uuids/>
                </item>
                <item>
                    <type>thirdPartyCredentials</type>
                    <uuids/>
                </item>
                <item>
                    <type>dataSource</type>
                    <uuids/>
                </item>
            </globalIdMap>
        </associatedApplications>
    </application>
    <roleMap>
        <contentRoleMap public="true">
            <role allowForAll="false" inherit="false" name="readers">
                <users/>
                <groups/>
            </role>
            <role allowForAll="false" inherit="false" name="authors">
                <users/>
                <groups/>
            </role>
            <role allowForAll="false" inherit="false" name="administrators">
                <users>
                    <userUuid>jane.hill.s</userUuid>
                </users>
                <groups/>
            </role>
            <role allowForAll="false" inherit="false" name="denyReaders">
                <users/>
                <groups/>
            </role>
            <role allowForAll="false" inherit="false" name="denyAuthors">
                <users/>
                <groups/>
            </role>
            <role allowForAll="false" inherit="false" name="denyAdministrators">
                <users/>
                <groups/>
            </role>
        </contentRoleMap>
    </roleMap>
</applicationHaul>
