<?xml version="1.0" encoding="UTF-8" standalone="yes"?>
<contentHaul xmlns:a="http://www.appian.com/ae/types/2009">
    <rule>
        <name>TB_DefineScheduleInterface</name>
        <uuid>_a-0000dda0-6e3c-8000-60cf-01ef9001ef90_4376</uuid>
        <description>interface for defining schedule</description>
        <parentUuid>_a-0000dda0-6e3c-8000-60cf-01ef9001ef90_4353</parentUuid>
        <visibility>
            <advertise>false</advertise>
            <hierarchy>true</hierarchy>
            <indexable>true</indexable>
            <quota>false</quota>
            <searchable>true</searchable>
            <system>false</system>
            <unlogged>false</unlogged>
        </visibility>
        <definition>load(&#xD;
  local!cc: {&#xD;
      {email: {}}&#xD;
    },&#xD;
  local!bcc:{&#xD;
      {email: {}}&#xD;
    }, &#xD;
  local!bccToken,&#xD;
  local!ccToken,&#xD;
  /*local!currentStep: 2,*/&#xD;
  /*local!visitedStep: 2,*/&#xD;
  /*local!steps: {&quot;Distribution Details&quot;, &quot;Email Details&quot;, &quot;Schedule Details&quot;},*/&#xD;
    #&quot;SYSTEM_SYSRULES_formLayout&quot;(&#xD;
    label: &quot;Fidelity Trade Blotters&quot;,&#xD;
    firstColumnContents: {&#xD;
      #&quot;_a-0000dda5-a946-8000-1eb5-01ef9001ef90_4520&quot;(local!currentStep, local!visitedStep, local!steps),&#xD;
      #&quot;SYSTEM_SYSRULES_sectionLayout&quot;(&#xD;
        label: &quot;Email Details Specifications&quot;,&#xD;
        firstColumnContents: {&#xD;
        #&quot;SYSTEM_SYSRULES_gridLayout&quot;(&#xD;
        totalCount: count(local!cc),&#xD;
        headerCells: {&#xD;
          #&quot;SYSTEM_SYSRULES_gridLayoutHeaderCell&quot;(label: &quot;From&quot;, align: &quot;CENTER&quot;),&#xD;
          #&quot;SYSTEM_SYSRULES_gridLayoutHeaderCell&quot;(label: &quot;To&quot;, align: &quot;CENTER&quot;)&#xD;
        },&#xD;
        columnConfigs: {&#xD;
          #&quot;SYSTEM_SYSRULES_gridLayoutColumnConfig&quot;(width: &quot;DISTRIBUTE&quot;, weight: 1),&#xD;
          #&quot;SYSTEM_SYSRULES_gridLayoutColumnConfig&quot;(width: &quot;DISTRIBUTE&quot;, weight: 1)&#xD;
        },&#xD;
        rows: {&#xD;
          #&quot;SYSTEM_SYSRULES_gridRowLayout&quot;(&#xD;
          contents: {&#xD;
            #&quot;SYSTEM_SYSRULES_textField&quot;(&#xD;
              placeholder: &quot;FIL@example.com&quot;, &#xD;
              value: ri!defSchedule.GroupAddressFrom,&#xD;
              saveInto: ri!defSchedule.GroupAddressFrom, &#xD;
              validations: if(#&quot;_a-0000dda0-6e3c-8000-60cf-01ef9001ef90_4355&quot;(ri!defSchedule.GroupAddressFrom),{},&quot;Enter Valid Email Address&quot;), &#xD;
              align: &quot;CENTER&quot;&#xD;
              ),&#xD;
            #&quot;SYSTEM_SYSRULES_textField&quot;(&#xD;
              placeholder: &quot;FIL@example.com&quot;, &#xD;
              value: ri!defSchedule.GroupAddressReply,&#xD;
              saveInto: ri!defSchedule.GroupAddressReply, &#xD;
              validations: if(#&quot;_a-0000dda0-6e3c-8000-60cf-01ef9001ef90_4355&quot;(ri!defSchedule.GroupAddressReply),{},&quot;Enter Valid Email Address&quot;), &#xD;
              align: &quot;CENTER&quot;&#xD;
              )            &#xD;
            }&#xD;
          )&#xD;
        }&#xD;
      ),&#xD;
        #&quot;SYSTEM_SYSRULES_gridLayout&quot;(&#xD;
        totalCount: count(local!cc),&#xD;
        headerCells: {&#xD;
          #&quot;SYSTEM_SYSRULES_gridLayoutHeaderCell&quot;(label: &quot;#&quot;, align: &quot;CENTER&quot;),&#xD;
          #&quot;SYSTEM_SYSRULES_gridLayoutHeaderCell&quot;(label: &quot;CC&quot;, align: &quot;CENTER&quot;),&#xD;
          #&quot;SYSTEM_SYSRULES_gridLayoutHeaderCell&quot;(label: &quot;&quot;)&#xD;
        },&#xD;
        columnConfigs: {&#xD;
          #&quot;SYSTEM_SYSRULES_gridLayoutColumnConfig&quot;(width: &quot;DISTRIBUTE&quot;, weight: 1),&#xD;
          #&quot;SYSTEM_SYSRULES_gridLayoutColumnConfig&quot;(width: &quot;DISTRIBUTE&quot;, weight: 3),&#xD;
          #&quot;SYSTEM_SYSRULES_gridLayoutColumnConfig&quot;(width: &quot;ICON&quot;)&#xD;
        },&#xD;
        rows: #&quot;SYSTEM_SYSRULES_applyComponents&quot;(&#xD;
          function: #&quot;_a-0000dda0-6e3c-8000-60cf-01ef9001ef90_4383&quot;(&#xD;
            cc: local!cc,&#xD;
            ccToken: local!ccToken,&#xD;
            index: _&#xD;
          ),&#xD;
          array: if(or(isnull(local!cc), count(local!cc) &lt; 1), {}, 1+enumerate(count(local!cc))),&#xD;
          arrayVariable: local!ccToken&#xD;
        ),&#xD;
        addRowLink: #&quot;SYSTEM_SYSRULES_dynamicLink&quot;(&#xD;
          label: &quot;Add CC&quot;, &#xD;
          saveInto: {&#xD;
            a!save(local!cc, append(local!cc, save!value)),   &#xD;
            a!save(local!ccToken, append(local!ccToken, save!value))&#xD;
          }&#xD;
        )&#xD;
      ),&#xD;
        #&quot;SYSTEM_SYSRULES_gridLayout&quot;(&#xD;
        totalCount: count(local!bcc),&#xD;
        headerCells: {&#xD;
          #&quot;SYSTEM_SYSRULES_gridLayoutHeaderCell&quot;(label: &quot;#&quot;, align: &quot;CENTER&quot;),&#xD;
          #&quot;SYSTEM_SYSRULES_gridLayoutHeaderCell&quot;(label: &quot;BCC&quot;, align: &quot;CENTER&quot;),&#xD;
          #&quot;SYSTEM_SYSRULES_gridLayoutHeaderCell&quot;(label: &quot;&quot;)&#xD;
        },&#xD;
        columnConfigs: {&#xD;
          #&quot;SYSTEM_SYSRULES_gridLayoutColumnConfig&quot;(width: &quot;DISTRIBUTE&quot;, weight: 1),&#xD;
          #&quot;SYSTEM_SYSRULES_gridLayoutColumnConfig&quot;(width: &quot;DISTRIBUTE&quot;, weight: 3),&#xD;
          #&quot;SYSTEM_SYSRULES_gridLayoutColumnConfig&quot;(width: &quot;ICON&quot;)&#xD;
        },&#xD;
        rows: #&quot;SYSTEM_SYSRULES_applyComponents&quot;(&#xD;
          function: #&quot;_a-0000dda0-6e3c-8000-60cf-01ef9001ef90_4383&quot;(&#xD;
            cc: local!bcc,&#xD;
            ccToken: local!bccToken,&#xD;
            index: _&#xD;
          ),&#xD;
          array: if(or(isnull(local!bcc), count(local!bcc) &lt; 1), {}, 1+enumerate(count(local!bcc))),&#xD;
          arrayVariable: local!bccToken&#xD;
        ),&#xD;
        addRowLink: #&quot;SYSTEM_SYSRULES_dynamicLink&quot;(&#xD;
          label: &quot;Add BCC&quot;, &#xD;
          saveInto: {&#xD;
            a!save(local!bcc, append(local!bcc, save!value)),   &#xD;
            a!save(local!bccToken, append(local!bccToken, save!value))&#xD;
          }&#xD;
        )&#xD;
        )&#xD;
        },&#xD;
        SecondColumnContents:{}&#xD;
      )&#xD;
    },&#xD;
    secondColumnContents: {&#xD;
      #&quot;SYSTEM_SYSRULES_paragraphField&quot;(&#xD;
        label: &quot;Message Content&quot;,&#xD;
        value: ri!defSchedule.MessageContent,&#xD;
        saveInto: ri!defSchedule.MessageContent&#xD;
      ),&#xD;
      #&quot;SYSTEM_SYSRULES_paragraphField&quot;(&#xD;
        label: &quot;Message Content for No Trading Activity&quot;,&#xD;
        value: ri!defSchedule.MessageContentNoTrading,&#xD;
        saveInto: ri!defSchedule.MessageContentNoTrading&#xD;
      ),&#xD;
      #&quot;SYSTEM_SYSRULES_radioButtonField&quot;(&#xD;
        label: &quot;Is FIL disclaimer required in e-mail body?&quot;,&#xD;
        choiceLabels: {&quot;Yes&quot;, &quot;No&quot;},&#xD;
        choiceValues: {true, false},&#xD;
        value: ri!disclaimer,&#xD;
        saveInto: ri!disclaimer,&#xD;
        choiceLayout: &quot;COMPACT&quot;&#xD;
      )&#xD;
    },&#xD;
    /*buttons: a!buttonLayout(*/&#xD;
    /*  primaryButtons: {*/&#xD;
    /*    a!buttonWidgetSubmit(*/&#xD;
    /*      label: &quot;Submit&quot;,*/&#xD;
    /*      style: &quot;PRIMARY&quot;,*/&#xD;
    /*      saveInto: {*/&#xD;
    /*        a!save(ri!defSchedule.GroupAddressCC, local!cc.email), */&#xD;
    /*        a!save(ri!defSchedule.GroupAddressBCC, local!bcc.email)*/&#xD;
    /*      }*/&#xD;
    /*    )*/&#xD;
    /*  },*/&#xD;
    /*  secondaryButtons: {*/&#xD;
    /*    a!buttonWidgetSubmit(*/&#xD;
    /*      label: &quot;Cancel&quot;,*/&#xD;
    /*      style: &quot;NORMAL&quot;,*/&#xD;
    /*      value: true,*/&#xD;
    /*      saveInto: ri!cancel,*/&#xD;
    /*      skipValidation: true*/&#xD;
    /*    )*/&#xD;
    /*  }*/&#xD;
    /*),*/&#xD;
    buttons: #&quot;SYSTEM_SYSRULES_ButtonLayout&quot;(&#xD;
      primaryButtons: {&#xD;
        #&quot;SYSTEM_SYSRULES_ButtonWidget&quot;(&#xD;
          label: if(local!currentStep &lt; length(local!steps), &quot;Next&quot;, &quot;Done&quot;),&#xD;
          style: &quot;PRIMARY&quot;,&#xD;
          value: if(local!currentStep &lt; length(local!steps), local!currentStep + 1, local!currentStep),&#xD;
          saveInto: {&#xD;
            local!currentStep,&#xD;
            a!save(local!visitedStep, max(local!visitedStep, save!value)),&#xD;
            a!save(ri!defSchedule.GroupAddressCC, local!cc.email), &#xD;
            a!save(ri!defSchedule.GroupAddressBCC, local!bcc.email)&#xD;
          },&#xD;
        submit:local!currentStep &gt;= length(local!steps)&#xD;
        )&#xD;
      },&#xD;
      secondaryButtons: {&#xD;
        if(&#xD;
          local!currentStep &gt; 1,&#xD;
          #&quot;SYSTEM_SYSRULES_ButtonWidget&quot;(&#xD;
          label: &quot;Back&quot;,&#xD;
          value: local!currentStep - 1,&#xD;
          saveInto: local!currentStep&#xD;
        ),&#xD;
          #&quot;SYSTEM_SYSRULES_ButtonWidget&quot;(&#xD;
            label: &quot;Cancel&quot;,&#xD;
            style: &quot;NORMAL&quot;,&#xD;
            value: true,&#xD;
            saveInto: ri!cancel,&#xD;
            skipValidation: true&#xD;
          )&#xD;
        )&#xD;
      }&#xD;
    ),&#xD;
    validations: {}&#xD;
  )&#xD;
)&#xD;
</definition>
        <namedTypedValue>
            <name>cancel</name>
            <type>
                <name>boolean</name>
                <namespace>http://www.w3.org/2001/XMLSchema</namespace>
            </type>
        </namedTypedValue>
        <namedTypedValue>
            <name>defSchedule</name>
            <type>
                <name>TBDefineSchedule</name>
                <namespace>urn:com:appian:types:TB</namespace>
            </type>
        </namedTypedValue>
        <namedTypedValue>
            <name>disclaimer</name>
            <type>
                <name>boolean</name>
                <namespace>http://www.w3.org/2001/XMLSchema</namespace>
            </type>
        </namedTypedValue>
        <preferredEditor>interface</preferredEditor>
        <offlineEnabled>false</offlineEnabled>
    </rule>
    <roleMap public="true">
        <role allowForAll="false" inherit="true" name="readers">
            <users/>
            <groups/>
        </role>
        <role allowForAll="false" inherit="true" name="authors">
            <users/>
            <groups/>
        </role>
        <role allowForAll="false" inherit="true" name="administrators">
            <users/>
            <groups/>
        </role>
        <role allowForAll="false" inherit="false" name="denyReaders">
            <users/>
            <groups/>
        </role>
        <role allowForAll="false" inherit="false" name="denyAuthors">
            <users/>
            <groups/>
        </role>
        <role allowForAll="false" inherit="false" name="denyAdministrators">
            <users/>
            <groups/>
        </role>
    </roleMap>
</contentHaul>
