<?xml version="1.0" encoding="UTF-8" standalone="yes"?>
<contentHaul xmlns:a="http://www.appian.com/ae/types/2009">
    <rule>
        <name>TB_SpecifyScheduleDetail</name>
        <uuid>_a-0000dda0-6e3c-8000-60cf-01ef9001ef90_4493</uuid>
        <description>interface specifying schedule detail</description>
        <parentUuid>_a-0000dda0-6e3c-8000-60cf-01ef9001ef90_4353</parentUuid>
        <visibility>
            <advertise>false</advertise>
            <hierarchy>true</hierarchy>
            <indexable>true</indexable>
            <quota>false</quota>
            <searchable>true</searchable>
            <system>false</system>
            <unlogged>false</unlogged>
        </visibility>
        <definition>load(
  local!scheduleTime,
  local!scheduleDays,
  local!monthlyFlag: &quot;Y&quot;,
  local!monthlyScheduleDays,
  local!HeaderFlag: &quot;N&quot;,
  local!FooterFlag: &quot;N&quot;,
  local!USEtimezoneFlag: &quot;N&quot;,
  local!prioritySeq: 5,
  /*local!currentStep: 3,*/
  /*local!visitedStep: 3,*/
  /*local!steps: {&quot;Distribution Details&quot;, &quot;Email Details&quot;, &quot;Schedule Details&quot;},*/
  #&quot;SYSTEM_SYSRULES_formLayout&quot;(
    label: &quot;Fidelity Trade Blotters&quot;,
    firstColumnContents: {
      #&quot;_a-0000dda5-a946-8000-1eb5-01ef9001ef90_4520&quot;(local!currentStep, local!visitedStep, local!steps),
      #&quot;SYSTEM_SYSRULES_sectionLayout&quot;(
        label: &quot;Specify Schedule Details&quot;,
        firstColumnContents: {
          #&quot;SYSTEM_SYSRULES_radioButtonField&quot;(
            label: &quot;Monthly Flag&quot;,
            instructions: &quot;Select Yes for monthly report and No for daily report&quot;,
            choiceLabels: {&quot;Yes&quot;, &quot;No&quot;},
            choiceValues: {&quot;Y&quot;, &quot;N&quot;},
            value: local!monthlyFlag,
            saveInto: local!monthlyFlag,
            choiceLayout: &quot;COMPACT&quot;,
            required: true
          ),
          #&quot;SYSTEM_SYSRULES_dropdownField&quot;(
            label: &quot;Schedule Timezone&quot;,
            labelPosition: &quot;ABOVE&quot;,
            placeholderLabel: &quot;--- Select Timezone ---&quot;,
            choiceLabels: #&quot;_a-0000dda1-be5b-8000-b20a-01ef9001ef90_4395&quot;,
            choiceValues: #&quot;_a-0000dda1-be5b-8000-b20a-01ef9001ef90_4395&quot;,
            value: ri!scheduleSpec.ScheduleTimezone,
            saveInto: ri!scheduleSpec.ScheduleTimezone,
            required: true,
            validations: {}
          ),
          if(local!monthlyFlag=&quot;N&quot;,
            #&quot;SYSTEM_SYSRULES_multipleDropdownField&quot;(
            label: &quot;Schedule Time&quot;,
            labelPosition: &quot;ABOVE&quot;,
            choiceLabels: #&quot;_a-0000dda1-be5b-8000-b20a-01ef9001ef90_4381&quot;,
            choiceValues: #&quot;_a-0000dda1-be5b-8000-b20a-01ef9001ef90_4381&quot;,
            value: local!scheduleTime,
            saveInto: local!scheduleTime,
            required: true,
            validations: {}
            ),{}
          )
        },
        secondColumnContents: {
          if(local!monthlyFlag=&quot;N&quot;,
          #&quot;SYSTEM_SYSRULES_checkboxField&quot;(
            label: &quot;Schedule Days&quot;,
            labelPosition: &quot;ABOVE&quot;,
            choiceLabels: #&quot;_a-0000dda1-be5b-8000-b20a-01ef9001ef90_4396&quot;,
            choiceValues: {&quot;6&quot;,&quot;5&quot;,&quot;4&quot;,&quot;3&quot;,&quot;2&quot;,&quot;1&quot;,&quot;0&quot;},
            value: local!scheduleDays,
            saveInto: local!scheduleDays,
            refreshAfter: &quot;UNFOCUS&quot;,
            required: true,
            validations: {}
          ),
          #&quot;SYSTEM_SYSRULES_radioButtonField&quot;(
            label: &quot;Monthly Schedule Days&quot;,
            choiceLabels: {&quot;First Day of Month&quot;,&quot;Last Day of Month&quot;, &quot;First and Last Day of Month&quot;},
            choiceValues: #&quot;_a-0000dda0-6e3c-8000-60cf-01ef9001ef90_4495&quot;,
            value: local!monthlyScheduleDays,
            saveInto: local!monthlyScheduleDays,
            required: true
          )
          )
        }
      ),
      #&quot;SYSTEM_SYSRULES_gridLayout&quot;(
        label: &quot;Flag and Criticality&quot;,
        headerCells: {
          #&quot;SYSTEM_SYSRULES_gridLayoutHeaderCell&quot;(label: &quot;Header Flag&quot;),
          #&quot;SYSTEM_SYSRULES_gridLayoutHeaderCell&quot;(label: &quot;Footer Flag&quot;),
          #&quot;SYSTEM_SYSRULES_gridLayoutHeaderCell&quot;(label: &quot;USE Timezone Flag&quot;),
          #&quot;SYSTEM_SYSRULES_gridLayoutHeaderCell&quot;(label: &quot;Active Status&quot;),
          #&quot;SYSTEM_SYSRULES_gridLayoutHeaderCell&quot;(label: &quot;Priority Sequence&quot;),
        },
        columnConfigs: {
          #&quot;SYSTEM_SYSRULES_gridLayoutColumnConfig&quot;(width: &quot;DISTRIBUTE&quot;, weight: 1),
          #&quot;SYSTEM_SYSRULES_gridLayoutColumnConfig&quot;(width: &quot;DISTRIBUTE&quot;, weight: 1),
          #&quot;SYSTEM_SYSRULES_gridLayoutColumnConfig&quot;(width: &quot;DISTRIBUTE&quot;, weight: 1),
          #&quot;SYSTEM_SYSRULES_gridLayoutColumnConfig&quot;(width: &quot;DISTRIBUTE&quot;, weight: 1),
          #&quot;SYSTEM_SYSRULES_gridLayoutColumnConfig&quot;(width: &quot;DISTRIBUTE&quot;, weight: 1),
        },
        rows: {
          #&quot;SYSTEM_SYSRULES_gridRowLayout&quot;(
            contents: {
              #&quot;SYSTEM_SYSRULES_radioButtonField&quot;(
                label: &quot;Header Flag&quot;,
                choiceLabels: {&quot;Yes&quot;, &quot;No&quot;},
                choiceValues: {&quot;Y&quot;, &quot;N&quot;},
                value: local!HeaderFlag,
                saveInto:  local!HeaderFlag,
                choiceLayout: &quot;COMPACT&quot;,
                required: true
              ),
              #&quot;SYSTEM_SYSRULES_radioButtonField&quot;(
                label: &quot;Footer Flag&quot;,
                choiceLabels: {&quot;Yes&quot;, &quot;No&quot;},
                choiceValues: {&quot;Y&quot;, &quot;N&quot;},
                value: local!FooterFlag,
                saveInto: local!FooterFlag,
                choiceLayout: &quot;COMPACT&quot;,
                required: true
              ),
              #&quot;SYSTEM_SYSRULES_radioButtonField&quot;(
                label: &quot;USE Timezone Flag&quot;,
                choiceLabels: {&quot;Yes&quot;, &quot;No&quot;},
                choiceValues: {&quot;Y&quot;, &quot;N&quot;},
                value: local!USEtimezoneFlag,
                saveInto: local!USEtimezoneFlag,
                choiceLayout: &quot;COMPACT&quot;,
                required: true
              ),
              #&quot;SYSTEM_SYSRULES_radioButtonField&quot;(
                label: &quot;Active Status&quot;,
                choiceLabels: {&quot;Yes&quot;, &quot;No&quot;},
                choiceValues: {&quot;Y&quot;, &quot;N&quot;},
                value: ri!scheduleSpec.ActiveStatus,
                saveInto: ri!scheduleSpec.ActiveStatus,
                choiceLayout: &quot;COMPACT&quot;,
                required: true
              ),
              #&quot;SYSTEM_SYSRULES_dropdownField&quot;(
                label: &quot;Priority Sequence&quot;,
                labelPosition: &quot;ABOVE&quot;,
                placeholderLabel: &quot;--- Select Priority ---&quot;,
                choiceLabels: #&quot;_a-0000dda0-6e3c-8000-60cf-01ef9001ef90_4494&quot;,
                choiceValues: #&quot;_a-0000dda0-6e3c-8000-60cf-01ef9001ef90_4494&quot;,
                value: local!prioritySeq,
                saveInto: local!prioritySeq,
                required: true,
                validations: {}
              )
            }
          )
        }
      )
    },
    secondColumnContents: {},
    /*buttons: a!buttonLayout(*/
    /*  primaryButtons: {*/
    /*    a!buttonWidgetSubmit(*/
    /*      label: &quot;Submit&quot;,*/
    /*      style: &quot;PRIMARY&quot;,*/
    /*      saveInto: {*/
    /*        if(local!monthlyFlag=&quot;N&quot;,*/
    /*          {a!save(ri!scheduleSpec.ScheduleTime, rule!TB_ConvertTimeFormat(local!scheduleTime)),*/
    /*          a!save(ri!scheduleSpec.ScheduleDays, rule!TB_ConvertScheduleDays(local!scheduleDays))},*/
    /*          {a!save(ri!scheduleSpec.MonthlyScheduleDays, local!monthlyScheduleDays)}*/
    /*        ),*/
    /*        a!save(ri!scheduleSpec.MonthlyFlag, local!monthlyFlag),*/
    /*        a!save(ri!scheduleSpec.HeaderFlag, local!HeaderFlag),*/
    /*        a!save(ri!scheduleSpec.FooterFlag, local!FooterFlag),*/
    /*        a!save(ri!scheduleSpec.USEtimezoneFlag, local!USEtimezoneFlag),*/
    /*        a!save(ri!scheduleSpec.PrioritySequence, local!prioritySeq)*/
    /*        }*/
    /*    )*/
    /*  },*/
    /*  secondaryButtons: {*/
    /*    a!buttonWidgetSubmit(*/
    /*      label: &quot;Cancel&quot;,*/
    /*      style: &quot;NORMAL&quot;,*/
    /*      value: true,*/
    /*      saveInto: ri!cancel,*/
    /*      skipValidation: true*/
    /*    )*/
    /*  }*/
    /*),*/
    buttons: #&quot;SYSTEM_SYSRULES_ButtonLayout&quot;(
      primaryButtons: {
        #&quot;SYSTEM_SYSRULES_ButtonWidget&quot;(
          label: if(local!currentStep &lt; length(local!steps), &quot;Next&quot;, &quot;Done&quot;),
          style: &quot;PRIMARY&quot;,
          value: if(local!currentStep &lt; length(local!steps), local!currentStep + 1, local!currentStep),
          saveInto: {
            if(local!monthlyFlag=&quot;N&quot;,
              {a!save(ri!scheduleSpec.ScheduleTime, #&quot;_a-0000dda1-be5b-8000-b20a-01ef9001ef90_4388&quot;(local!scheduleTime)),
              a!save(ri!scheduleSpec.ScheduleDays, #&quot;_a-0000dda1-be5b-8000-b20a-01ef9001ef90_4397&quot;(local!scheduleDays))},
              {a!save(ri!scheduleSpec.MonthlyScheduleDays, local!monthlyScheduleDays)}
            ),
            a!save(ri!scheduleSpec.MonthlyFlag, local!monthlyFlag),
            a!save(ri!scheduleSpec.HeaderFlag, local!HeaderFlag),
            a!save(ri!scheduleSpec.FooterFlag, local!FooterFlag),
            a!save(ri!scheduleSpec.USEtimezoneFlag, local!USEtimezoneFlag),
            a!save(ri!scheduleSpec.PrioritySequence, local!prioritySeq),
            local!currentStep,
            a!save(local!visitedStep, max(local!visitedStep, save!value))
            },
        submit:local!currentStep &gt;= length(local!steps)
        )
      },
      secondaryButtons: {
        if(
          local!currentStep &gt; 1,
          #&quot;SYSTEM_SYSRULES_ButtonWidget&quot;(
          label: &quot;Back&quot;,
          value: local!currentStep - 1,
          saveInto: local!currentStep
        ),
          #&quot;SYSTEM_SYSRULES_ButtonWidget&quot;(
            label: &quot;Cancel&quot;,
            style: &quot;NORMAL&quot;,
            value: true,
            saveInto: ri!cancel,
            skipValidation: true
          )
        )
      }
    ),
    validations: {}
)
)</definition>
        <namedTypedValue>
            <name>scheduleSpec</name>
            <type>
                <name>TBSpecifyScheduleDetails</name>
                <namespace>urn:com:appian:types:TB</namespace>
            </type>
        </namedTypedValue>
        <namedTypedValue>
            <name>cancel</name>
            <type>
                <name>boolean</name>
                <namespace>http://www.w3.org/2001/XMLSchema</namespace>
            </type>
        </namedTypedValue>
        <preferredEditor>interface</preferredEditor>
        <offlineEnabled>false</offlineEnabled>
    </rule>
    <roleMap public="true">
        <role allowForAll="false" inherit="true" name="readers">
            <users/>
            <groups/>
        </role>
        <role allowForAll="false" inherit="true" name="authors">
            <users/>
            <groups/>
        </role>
        <role allowForAll="false" inherit="true" name="administrators">
            <users/>
            <groups/>
        </role>
        <role allowForAll="false" inherit="false" name="denyReaders">
            <users/>
            <groups/>
        </role>
        <role allowForAll="false" inherit="false" name="denyAuthors">
            <users/>
            <groups/>
        </role>
        <role allowForAll="false" inherit="false" name="denyAdministrators">
            <users/>
            <groups/>
        </role>
    </roleMap>
</contentHaul>
