<?xml version="1.0" encoding="UTF-8" standalone="yes"?>
<contentHaul xmlns:a="http://www.appian.com/ae/types/2009">
    <rule>
        <name>TB_ConvertScheduleDays</name>
        <uuid>_a-0000dda1-be5b-8000-b20a-01ef9001ef90_4397</uuid>
        <description></description>
        <parentUuid>_a-0000dda0-6e3c-8000-60cf-01ef9001ef90_4354</parentUuid>
        <visibility>
            <advertise>false</advertise>
            <hierarchy>true</hierarchy>
            <indexable>true</indexable>
            <quota>false</quota>
            <searchable>true</searchable>
            <system>false</system>
            <unlogged>false</unlogged>
        </visibility>
        <definition>load(
  local!total: 0,
  local!arr: split(ri!scheduleDays, &quot;;&quot;),
  local!listArr: #&quot;SYSTEM_SYSRULES_applyComponents&quot;(
    function: power(10,_),
    array: local!arr
  ),
  if(len(sum(local!listArr))=7,
    tostring(sum(local!listArr)),
    concat(rept(&quot;0&quot;,7-len(sum(local!listArr))),sum(local!listArr))
  )
)
</definition>
        <namedTypedValue>
            <name>scheduleDays</name>
            <type>
                <name>string</name>
                <namespace>http://www.w3.org/2001/XMLSchema</namespace>
            </type>
            <value/>
        </namedTypedValue>
        <preferredEditor>legacy</preferredEditor>
        <offlineEnabled>false</offlineEnabled>
    </rule>
    <roleMap public="true">
        <role allowForAll="false" inherit="true" name="readers">
            <users/>
            <groups/>
        </role>
        <role allowForAll="false" inherit="true" name="authors">
            <users/>
            <groups/>
        </role>
        <role allowForAll="false" inherit="true" name="administrators">
            <users/>
            <groups/>
        </role>
        <role allowForAll="false" inherit="false" name="denyReaders">
            <users/>
            <groups/>
        </role>
        <role allowForAll="false" inherit="false" name="denyAuthors">
            <users/>
            <groups/>
        </role>
        <role allowForAll="false" inherit="false" name="denyAdministrators">
            <users/>
            <groups/>
        </role>
    </roleMap>
</contentHaul>
