<?xml version="1.0" encoding="UTF-8" standalone="yes"?>
<contentHaul xmlns:a="http://www.appian.com/ae/types/2009">
    <rule>
        <name>TB_CollectMetadataWithWizard</name>
        <uuid>_a-0000dda5-a946-8000-1eb5-01ef9001ef90_4532</uuid>
        <description>all interfaces combined with wizard milestone navigation</description>
        <parentUuid>_a-0000dda0-6e3c-8000-60cf-01ef9001ef90_4353</parentUuid>
        <visibility>
            <advertise>false</advertise>
            <hierarchy>true</hierarchy>
            <indexable>true</indexable>
            <quota>false</quota>
            <searchable>true</searchable>
            <system>false</system>
            <unlogged>false</unlogged>
        </visibility>
        <definition>load(&#xD;
  local!currentStep: 1,&#xD;
  local!visitedStep: 1,&#xD;
  local!steps: {&quot;Distribution Details&quot;, &quot;Email Details&quot;, &quot;Schedule Details&quot;},&#xD;
    choose(local!currentStep,&#xD;
      #&quot;_a-0000dda0-6e3c-8000-60cf-01ef9001ef90_4364&quot;(ri!cancel, ri!distrDetails),&#xD;
      #&quot;_a-0000dda0-6e3c-8000-60cf-01ef9001ef90_4376&quot;(ri!cancel, ri!defSchedule, ri!disclaimer),&#xD;
      #&quot;_a-0000dda0-6e3c-8000-60cf-01ef9001ef90_4493&quot;(ri!scheduleSpec, ri!cancel)&#xD;
    )&#xD;
    &#xD;
)</definition>
        <namedTypedValue>
            <name>cancel</name>
            <type>
                <name>boolean</name>
                <namespace>http://www.w3.org/2001/XMLSchema</namespace>
            </type>
        </namedTypedValue>
        <namedTypedValue>
            <name>distrDetails</name>
            <type>
                <name>TBDistributionDetails</name>
                <namespace>urn:com:appian:types:TB</namespace>
            </type>
        </namedTypedValue>
        <namedTypedValue>
            <name>defSchedule</name>
            <type>
                <name>TBDefineSchedule</name>
                <namespace>urn:com:appian:types:TB</namespace>
            </type>
        </namedTypedValue>
        <namedTypedValue>
            <name>disclaimer</name>
            <type>
                <name>boolean</name>
                <namespace>http://www.w3.org/2001/XMLSchema</namespace>
            </type>
        </namedTypedValue>
        <namedTypedValue>
            <name>scheduleSpec</name>
            <type>
                <name>TBSpecifyScheduleDetails</name>
                <namespace>urn:com:appian:types:TB</namespace>
            </type>
        </namedTypedValue>
        <preferredEditor>interface</preferredEditor>
        <offlineEnabled>false</offlineEnabled>
    </rule>
    <roleMap public="true">
        <role allowForAll="false" inherit="true" name="readers">
            <users/>
            <groups/>
        </role>
        <role allowForAll="false" inherit="true" name="authors">
            <users/>
            <groups/>
        </role>
        <role allowForAll="false" inherit="true" name="administrators">
            <users/>
            <groups/>
        </role>
        <role allowForAll="false" inherit="false" name="denyReaders">
            <users/>
            <groups/>
        </role>
        <role allowForAll="false" inherit="false" name="denyAuthors">
            <users/>
            <groups/>
        </role>
        <role allowForAll="false" inherit="false" name="denyAdministrators">
            <users/>
            <groups/>
        </role>
    </roleMap>
</contentHaul>
