<?xml version="1.0" encoding="UTF-8" standalone="yes"?>
<contentHaul xmlns:a="http://www.appian.com/ae/types/2009">
    <rule>
        <name>TB_WizardDistrDetails</name>
        <uuid>_a-0000dda5-a946-8000-1eb5-01ef9001ef90_4537</uuid>
        <description>form layout for distribution details</description>
        <parentUuid>_a-0000dda0-6e3c-8000-60cf-01ef9001ef90_4354</parentUuid>
        <visibility>
            <advertise>false</advertise>
            <hierarchy>true</hierarchy>
            <indexable>true</indexable>
            <quota>false</quota>
            <searchable>true</searchable>
            <system>false</system>
            <unlogged>false</unlogged>
        </visibility>
        <definition>load(&#xD;
  local!SaveOutput: true,&#xD;
  local!OutputFormat: &quot;xlsx&quot;,&#xD;
    #&quot;SYSTEM_SYSRULES_formLayout&quot;(&#xD;
    label: &quot;Fidelity Trade Blotters&quot;,&#xD;
    firstColumnContents: {&#xD;
      #&quot;SYSTEM_SYSRULES_sectionLayout&quot;(&#xD;
        label: &quot;Distribution Details&quot;,&#xD;
        firstColumnContents: {&#xD;
          #&quot;SYSTEM_SYSRULES_dropdownField&quot;(&#xD;
            label: &quot;Output Format&quot;,&#xD;
            labelPosition: &quot;ABOVE&quot;,&#xD;
            placeholderLabel: &quot;--- Select Format ---&quot;,&#xD;
            choiceLabels: #&quot;_a-0000dda0-6e3c-8000-60cf-01ef9001ef90_4366&quot;,&#xD;
            choiceValues: #&quot;_a-0000dda0-6e3c-8000-60cf-01ef9001ef90_4366&quot;,&#xD;
            value: local!OutputFormat,&#xD;
            saveInto: local!OutputFormat,&#xD;
            required: true,&#xD;
            validations: {}&#xD;
          ),&#xD;
          #&quot;SYSTEM_SYSRULES_dropdownField&quot;(&#xD;
            label: &quot;Delivery Channel&quot;,&#xD;
            labelPosition: &quot;ABOVE&quot;,&#xD;
            placeholderLabel: &quot;--- Select Channel ---&quot;,&#xD;
            choiceLabels: #&quot;_a-0000dda0-6e3c-8000-60cf-01ef9001ef90_4367&quot;,&#xD;
            choiceValues: #&quot;_a-0000dda0-6e3c-8000-60cf-01ef9001ef90_4367&quot;,&#xD;
            value: ri!distrDetails.DelChannel,&#xD;
            saveInto: ri!distrDetails.DelChannel,&#xD;
            required: true,&#xD;
            validations: {}&#xD;
          ),&#xD;
          #&quot;SYSTEM_SYSRULES_radioButtonField&quot;(&#xD;
            label: &quot;Save Output&quot;,&#xD;
            labelPosition: &quot;ABOVE&quot;,&#xD;
            choiceLabels: {&quot;Yes&quot;, &quot;No&quot;},&#xD;
            choiceValues: {true, false},&#xD;
            value: local!SaveOutput,&#xD;
            saveInto: local!SaveOutput,&#xD;
            required: true,&#xD;
            validations: {}&#xD;
          )&#xD;
        },&#xD;
        secondColumnContents: {&#xD;
          #&quot;SYSTEM_SYSRULES_textField&quot;(&#xD;
            label: &quot;Subject Prefix&quot;,&#xD;
            labelPosition: &quot;ABOVE&quot;,&#xD;
            value: ri!distrDetails.SubjectPrefix,&#xD;
            saveInto: ri!distrDetails.SubjectPrefix,&#xD;
            refreshAfter: &quot;UNFOCUS&quot;,&#xD;
            required: false,&#xD;
            validations: if(len(ri!distrDetails.SubjectPrefix)&lt;250, {},&quot;Length must be less than or equal to 250 characters&quot;)&#xD;
          ),&#xD;
          #&quot;SYSTEM_SYSRULES_textField&quot;(&#xD;
            label: &quot;Subject Suffix for No Trading Activity&quot;,&#xD;
            labelPosition: &quot;ABOVE&quot;,&#xD;
            value: ri!distrDetails.SubjectSuffixNoTrading,&#xD;
            saveInto: ri!distrDetails.SubjectSuffixNoTrading,&#xD;
            refreshAfter: &quot;UNFOCUS&quot;,&#xD;
            required: false,&#xD;
            validations: if(len(ri!distrDetails.SubjectSuffixNoTrading)&lt;250, {},&quot;Length must be less than or equal to 250 characters&quot;)&#xD;
          ),&#xD;
          #&quot;SYSTEM_SYSRULES_textField&quot;(&#xD;
            label: &quot;Filename Prefix&quot;,&#xD;
            labelPosition: &quot;ABOVE&quot;,&#xD;
            value: ri!distrDetails.FilenamePrefix,&#xD;
            saveInto: ri!distrDetails.FilenamePrefix,&#xD;
            refreshAfter: &quot;UNFOCUS&quot;,&#xD;
            required: false,&#xD;
            validations: if(len(ri!distrDetails.FilenamePrefix)&lt;250, {},&quot;Length must be less than or equal to 250 characters&quot;)&#xD;
          )&#xD;
        }&#xD;
      )&#xD;
    },&#xD;
    secondColumnContents: {},&#xD;
    buttons: #&quot;SYSTEM_SYSRULES_ButtonLayout&quot;(&#xD;
      primaryButtons: {&#xD;
        #&quot;SYSTEM_SYSRULES_ButtonWidgetSubmit&quot;(&#xD;
          label: &quot;Submit&quot;,&#xD;
          style: &quot;PRIMARY&quot;,&#xD;
          saveInto: {a!save(ri!distrDetails.SaveOutput, local!SaveOutput),&#xD;
          a!save(ri!distrDetails.OutputFormat, local!OutputFormat)&#xD;
          }&#xD;
        )&#xD;
      },&#xD;
      secondaryButtons: {&#xD;
        #&quot;SYSTEM_SYSRULES_ButtonWidgetSubmit&quot;(&#xD;
          label: &quot;Cancel&quot;,&#xD;
          style: &quot;NORMAL&quot;,&#xD;
          value: true,&#xD;
          saveInto: ri!cancel,&#xD;
          skipValidation: true&#xD;
        )&#xD;
      }&#xD;
    ),&#xD;
    validations: {}&#xD;
  )&#xD;
)</definition>
        <namedTypedValue>
            <name>cancel</name>
            <type>
                <name>boolean</name>
                <namespace>http://www.w3.org/2001/XMLSchema</namespace>
            </type>
        </namedTypedValue>
        <namedTypedValue>
            <name>distrDetails</name>
            <type>
                <name>TBDistributionDetails</name>
                <namespace>urn:com:appian:types:TB</namespace>
            </type>
        </namedTypedValue>
        <preferredEditor>legacy</preferredEditor>
        <offlineEnabled>false</offlineEnabled>
    </rule>
    <roleMap public="true">
        <role allowForAll="false" inherit="true" name="readers">
            <users/>
            <groups/>
        </role>
        <role allowForAll="false" inherit="true" name="authors">
            <users/>
            <groups/>
        </role>
        <role allowForAll="false" inherit="true" name="administrators">
            <users/>
            <groups/>
        </role>
        <role allowForAll="false" inherit="false" name="denyReaders">
            <users/>
            <groups/>
        </role>
        <role allowForAll="false" inherit="false" name="denyAuthors">
            <users/>
            <groups/>
        </role>
        <role allowForAll="false" inherit="false" name="denyAdministrators">
            <users/>
            <groups/>
        </role>
    </roleMap>
</contentHaul>
