<?xml version="1.0" encoding="UTF-8" standalone="yes"?>
<contentHaul xmlns:a="http://www.appian.com/ae/types/2009">
    <rule>
        <name>TB_Milestone</name>
        <uuid>_a-0000dda5-a946-8000-1eb5-01ef9001ef90_4520</uuid>
        <description>rule for wizard with milestone navigation</description>
        <parentUuid>_a-0000dda0-6e3c-8000-60cf-01ef9001ef90_4354</parentUuid>
        <visibility>
            <advertise>false</advertise>
            <hierarchy>true</hierarchy>
            <indexable>true</indexable>
            <quota>false</quota>
            <searchable>true</searchable>
            <system>false</system>
            <unlogged>false</unlogged>
        </visibility>
        <definition>load(&#xD;
  #&quot;SYSTEM_SYSRULES_milestoneField&quot;(&#xD;
    steps: local!steps,&#xD;
    links: {&#xD;
      #&quot;SYSTEM_SYSRULES_applyComponents&quot;(&#xD;
        function:#&quot;_a-0000dda5-a946-8000-1eb5-01ef9001ef90_4518&quot;(&#xD;
          index: _,&#xD;
          currentStep: ri!currentStep,&#xD;
          visitedStep: ri!visitedStep&#xD;
        ),&#xD;
        array: enumerate(length(local!steps)) + 1&#xD;
      )&#xD;
    },&#xD;
    active: ri!currentStep&#xD;
  )&#xD;
)</definition>
        <namedTypedValue>
            <name>currentStep</name>
            <type>
                <name>int</name>
                <namespace>http://www.w3.org/2001/XMLSchema</namespace>
            </type>
        </namedTypedValue>
        <namedTypedValue>
            <name>visitedStep</name>
            <type>
                <name>int</name>
                <namespace>http://www.w3.org/2001/XMLSchema</namespace>
            </type>
        </namedTypedValue>
        <namedTypedValue>
            <name>steps</name>
            <type>
                <name>Text?list</name>
                <namespace>http://www.appian.com/ae/types/2009</namespace>
            </type>
        </namedTypedValue>
        <preferredEditor>legacy</preferredEditor>
        <offlineEnabled>false</offlineEnabled>
    </rule>
    <roleMap public="true">
        <role allowForAll="false" inherit="true" name="readers">
            <users/>
            <groups/>
        </role>
        <role allowForAll="false" inherit="true" name="authors">
            <users/>
            <groups/>
        </role>
        <role allowForAll="false" inherit="true" name="administrators">
            <users/>
            <groups/>
        </role>
        <role allowForAll="false" inherit="false" name="denyReaders">
            <users/>
            <groups/>
        </role>
        <role allowForAll="false" inherit="false" name="denyAuthors">
            <users/>
            <groups/>
        </role>
        <role allowForAll="false" inherit="false" name="denyAdministrators">
            <users/>
            <groups/>
        </role>
    </roleMap>
</contentHaul>
