<?xml version="1.0" encoding="UTF-8" standalone="yes"?>
<contentHaul xmlns:a="http://www.appian.com/ae/types/2009">
    <rule>
        <name>TB_ConvertTimeFormat</name>
        <uuid>_a-0000dda1-be5b-8000-b20a-01ef9001ef90_4388</uuid>
        <description>convert time into appropriate format set by FIL</description>
        <parentUuid>_a-0000dda0-6e3c-8000-60cf-01ef9001ef90_4354</parentUuid>
        <visibility>
            <advertise>false</advertise>
            <hierarchy>true</hierarchy>
            <indexable>true</indexable>
            <quota>false</quota>
            <searchable>true</searchable>
            <system>false</system>
            <unlogged>false</unlogged>
        </visibility>
        <definition>load(
  local!first: split(split(ri!time, &quot; &quot;), &quot;:&quot;)[1],
  local!second: split(split(ri!time, &quot; &quot;), &quot;:&quot;)[2],
  local!third: split(split(ri!time, &quot; &quot;), &quot;:&quot;)[3],
  if(and(local!third=&quot;AM&quot;, local!first=&quot;12&quot;),
    concat(&quot;00&quot;, local!second),
    if(local!third=&quot;PM&quot;,
      concat(sum(local!first,12), local!second),
      if(len(concat(local!first, local!second))=4,
        concat(local!first, local!second),
        concat(&quot;0&quot;,concat(local!first, local!second))
        )
    )
  )
)</definition>
        <namedTypedValue>
            <name>time</name>
            <type>
                <name>string</name>
                <namespace>http://www.w3.org/2001/XMLSchema</namespace>
            </type>
            <value/>
        </namedTypedValue>
        <preferredEditor>legacy</preferredEditor>
        <offlineEnabled>false</offlineEnabled>
    </rule>
    <roleMap public="true">
        <role allowForAll="false" inherit="true" name="readers">
            <users/>
            <groups/>
        </role>
        <role allowForAll="false" inherit="true" name="authors">
            <users/>
            <groups/>
        </role>
        <role allowForAll="false" inherit="true" name="administrators">
            <users/>
            <groups/>
        </role>
        <role allowForAll="false" inherit="false" name="denyReaders">
            <users/>
            <groups/>
        </role>
        <role allowForAll="false" inherit="false" name="denyAuthors">
            <users/>
            <groups/>
        </role>
        <role allowForAll="false" inherit="false" name="denyAdministrators">
            <users/>
            <groups/>
        </role>
    </roleMap>
</contentHaul>
